date,category,text
2025-09-27,Дневник,Сегодня выберу мягкий темп. 8–12 минут — мой минимум.
2025-09-28,Музыка,"Подбор трека: 80–90 BPM, ровный пульс без резких перепадов."
2025-09-29,Практика,Мини‑связка А: волна позвоночника → выпад → мягкая скрутка.
2025-09-30,Рефлексия,Что почувствовала(л)? Где стало легче? Что хочу взять с собой?
2025-10-01,Совет,Если тяжело — уменьши шаг и оставь 3 минуты дыхания.
2025-10-02,История,О маленьких шагах и больших поворотах. Где я в ритме дня?
2025-10-03,Музыка,"Треки в запас: спокойные фоны для концентрации, без слов."
2025-10-04,Практика,Мини‑связка B: собака мордой вниз → планка → шаг вперёд → круг руками.
2025-10-05,Ритуал,"Перед сном: 5 длинных выдохов, благодарность телу."
2025-10-06,Дневник,Сегодня выберу мягкий темп. 8–12 минут — мой минимум.
2025-10-07,Музыка,"Подбор трека: 80–90 BPM, ровный пульс без резких перепадов."
2025-10-08,Практика,Мини‑связка А: волна позвоночника → выпад → мягкая скрутка.
2025-10-09,Рефлексия,Что почувствовала(л)? Где стало легче? Что хочу взять с собой?
2025-10-10,Совет,Если тяжело — уменьши шаг и оставь 3 минуты дыхания.
2025-10-11,История,О маленьких шагах и больших поворотах. Где я в ритме дня?
2025-10-12,Музыка,"Треки в запас: спокойные фоны для концентрации, без слов."
2025-10-13,Практика,Мини‑связка B: собака мордой вниз → планка → шаг вперёд → круг руками.
2025-10-14,Ритуал,"Перед сном: 5 длинных выдохов, благодарность телу."
2025-10-15,Дневник,Сегодня выберу мягкий темп. 8–12 минут — мой минимум.
2025-10-16,Музыка,"Подбор трека: 80–90 BPM, ровный пульс без резких перепадов."
2025-10-17,Практика,Мини‑связка А: волна позвоночника → выпад → мягкая скрутка.
2025-10-18,Рефлексия,Что почувствовала(л)? Где стало легче? Что хочу взять с собой?
2025-10-19,Совет,Если тяжело — уменьши шаг и оставь 3 минуты дыхания.
2025-10-20,История,О маленьких шагах и больших поворотах. Где я в ритме дня?
2025-10-21,Музыка,"Треки в запас: спокойные фоны для концентрации, без слов."
2025-10-22,Практика,Мини‑связка B: собака мордой вниз → планка → шаг вперёд → круг руками.
2025-10-23,Ритуал,"Перед сном: 5 длинных выдохов, благодарность телу."
2025-10-24,Дневник,Сегодня выберу мягкий темп. 8–12 минут — мой минимум.
2025-10-25,Музыка,"Подбор трека: 80–90 BPM, ровный пульс без резких перепадов."
2025-10-26,Практика,Мини‑связка А: волна позвоночника → выпад → мягкая скрутка.
