{
  "nodes": [
    {
      "id": "Лиора"
    },
    {
      "id": "Вирдус"
    },
    {
      "id": "Энарх"
    },
    {
      "id": "Солярис"
    },
    {
      "id": "Нэбис"
    },
    {
      "id": "Орион"
    },
    {
      "id": "Фенриль"
    }
  ],
  "edges": [
    {
      "source": "Лиора",
      "target": "Нэбис"
    },
    {
      "source": "Вирдус",
      "target": "Солярис"
    },
    {
      "source": "Энарх",
      "target": "Орион"
    }
  ],
  "emergent": "динамические грани рождаются и исчезают автоматически"
}